"subject";"latinsqr";"preg_class";"is_correct";"idnumber"
1002;1;0;0;27
1002;1;1;1;31
1002;1;1;1;12
1002;1;0;1;39
1002;1;1;1;28
1002;1;0;1;3
1002;1;0;1;29
1002;1;1;1;14
1002;1;1;1;32
1002;1;1;1;38
1002;1;0;1;18
1002;1;0;1;25
1002;1;0;1;10
160;1;0;1;14
160;1;0;1;10
160;1;0;1;32
160;1;0;1;31
160;1;1;1;25
160;1;1;1;27
160;1;1;1;29
160;1;1;1;12
160;1;1;1;3
160;1;0;1;38
160;1;0;1;39
160;1;0;1;28
160;1;1;1;18
1922;1;0;1;38
1922;1;1;1;3
1922;1;0;1;27
1922;1;0;1;10
1922;1;0;1;25
1922;1;1;1;39
1922;1;1;1;31
1922;1;1;1;32
1922;1;0;1;29
1922;1;1;1;14
1922;1;0;1;18
1922;1;1;1;12
1922;1;1;1;28
2069;1;0;1;3
2069;1;1;1;31
2069;1;1;1;10
2069;1;0;1;32
2069;1;0;1;18
2069;1;0;1;14
2069;1;0;1;28
2069;1;1;0;29
2069;1;1;1;27
2069;1;0;1;12
2069;1;0;1;39
2069;1;1;0;38
2069;1;0;1;25
2758;1;1;1;10
2758;1;0;1;14
2758;1;0;1;29
2758;1;1;1;31
2758;1;0;1;3
2758;1;0;1;39
2758;1;1;1;18
2758;1;1;1;28
2758;1;1;1;12
2758;1;0;1;27
2758;1;1;1;32
2758;1;0;1;25
2758;1;0;1;38
3002;1;0;1;32
3002;1;1;1;3
3002;1;1;1;10
3002;1;1;1;14
3002;1;0;1;25
3002;1;0;1;31
3002;1;0;0;39
3002;1;0;1;27
3002;1;1;1;28
3002;1;1;1;12
3002;1;0;1;18
3002;1;1;1;29
3002;1;0;1;38
3732;1;0;1;31
3732;1;0;1;28
3732;1;0;1;39
3732;1;1;1;27
3732;1;1;1;32
3732;1;1;1;10
3732;1;1;1;14
3732;1;0;1;25
3732;1;0;1;3
3732;1;0;1;29
3732;1;0;1;38
3732;1;1;1;12
3732;1;0;1;18
3925;1;0;1;29
3925;1;0;1;31
3925;1;1;1;10
3925;1;0;1;18
3925;1;0;1;38
3925;1;0;0;25
3925;1;0;1;39
3925;1;0;1;3
3925;1;0;1;32
3925;1;1;1;28
3925;1;1;1;12
3925;1;0;1;27
3925;1;1;0;14
4100;1;1;1;25
4100;1;0;1;29
4100;1;0;1;39
4100;1;1;1;28
4100;1;1;1;12
4100;1;1;1;38
4100;1;1;1;18
4100;1;0;1;3
4100;1;0;1;10
4100;1;1;1;14
4100;1;0;1;32
4100;1;1;0;31
4100;1;1;0;27
4712;1;0;1;31
4712;1;1;1;39
4712;1;0;1;12
4712;1;0;1;3
4712;1;1;0;38
4712;1;0;1;18
4712;1;0;1;28
4712;1;0;1;29
4712;1;0;1;27
4712;1;1;1;32
4712;1;0;1;25
4712;1;1;1;14
4712;1;0;1;10
4892;1;0;1;29
4892;1;0;1;3
4892;1;1;1;27
4892;1;0;1;14
4892;1;1;1;38
4892;1;0;1;32
4892;1;0;1;10
4892;1;0;1;28
4892;1;0;1;39
4892;1;1;1;31
4892;1;0;1;12
4892;1;1;0;25
4892;1;1;1;18
5114;1;0;1;10
5114;1;0;1;39
5114;1;0;1;31
5114;1;1;1;12
5114;1;1;1;14
5114;1;0;1;28
5114;1;0;1;29
5114;1;0;1;38
5114;1;1;1;3
5114;1;1;1;27
5114;1;0;1;25
5114;1;0;1;32
5114;1;1;1;18
5330;1;1;1;29
5330;1;0;1;12
5330;1;1;1;14
5330;1;1;1;28
5330;1;0;1;32
5330;1;1;1;38
5330;1;1;1;18
5330;1;1;1;39
5330;1;1;1;27
5330;1;1;1;25
5330;1;0;1;10
5330;1;1;1;31
5330;1;1;1;3
5608;1;1;1;28
5608;1;1;1;3
5608;1;0;1;25
5608;1;0;1;31
5608;1;0;1;14
5608;1;0;1;12
5608;1;1;1;39
5608;1;0;1;18
5608;1;0;1;27
5608;1;0;0;32
5608;1;0;1;29
5608;1;0;1;38
5608;1;0;1;10
5648;1;1;1;32
5648;1;0;1;12
5648;1;1;1;29
5648;1;1;1;28
5648;1;0;1;14
5648;1;0;1;38
5648;1;1;1;39
5648;1;0;1;3
5648;1;0;1;18
5648;1;1;1;31
5648;1;1;0;27
5648;1;0;1;10
5648;1;1;1;25
5692;1;0;1;12
5692;1;1;1;10
5692;1;1;1;18
5692;1;1;1;32
5692;1;1;1;14
5692;1;0;1;39
5692;1;1;1;28
5692;1;0;1;29
5692;1;1;1;27
5692;1;1;1;31
5692;1;1;1;3
5692;1;0;1;25
5692;1;1;1;38
7405;1;1;1;3
7405;1;1;1;18
7405;1;1;1;10
7405;1;1;1;12
7405;1;0;1;14
7405;1;1;1;31
7405;1;0;1;27
7405;1;1;1;29
7405;1;0;1;39
7405;1;0;1;28
7405;1;0;1;38
7405;1;1;1;32
7405;1;0;1;25
7992;1;0;1;25
7992;1;1;1;28
7992;1;1;1;18
7992;1;1;1;27
7992;1;1;1;14
7992;1;0;1;31
7992;1;1;1;12
7992;1;1;1;29
7992;1;0;1;3
7992;1;1;1;38
7992;1;1;1;39
7992;1;1;1;10
7992;1;0;1;32
8102;1;1;1;12
8102;1;0;1;32
8102;1;1;1;38
8102;1;0;1;31
8102;1;1;1;14
8102;1;1;1;18
8102;1;1;1;10
8102;1;0;1;3
8102;1;0;1;29
8102;1;0;1;28
8102;1;0;1;25
8102;1;1;1;27
8102;1;0;1;39
8721;1;0;1;38
8721;1;1;1;14
8721;1;0;0;25
8721;1;1;1;29
8721;1;0;1;27
8721;1;1;1;12
8721;1;0;1;28
8721;1;0;1;10
8721;1;1;1;39
8721;1;1;1;32
8721;1;0;1;3
8721;1;1;1;31
8721;1;1;1;18
8739;1;1;1;14
8739;1;1;1;25
8739;1;1;0;39
8739;1;0;1;32
8739;1;0;0;38
8739;1;0;1;27
8739;1;1;1;10
8739;1;1;1;29
8739;1;0;1;3
8739;1;0;1;28
8739;1;1;1;18
8739;1;1;1;31
8739;1;1;1;12
8796;1;0;1;14
8796;1;0;1;32
8796;1;0;1;10
8796;1;0;1;25
8796;1;0;1;38
8796;1;0;1;29
8796;1;0;1;12
8796;1;1;1;28
8796;1;0;1;27
8796;1;0;1;3
8796;1;1;1;18
8796;1;0;1;39
8796;1;0;1;31
8960;1;1;1;38
8960;1;0;1;28
8960;1;1;1;39
8960;1;0;1;18
8960;1;0;1;14
8960;1;0;1;29
8960;1;1;1;27
8960;1;1;1;25
8960;1;0;1;12
8960;1;0;1;32
8960;1;1;1;3
8960;1;1;1;10
8960;1;0;1;31
92;1;1;1;29
92;1;0;0;10
92;1;0;1;3
92;1;1;1;32
92;1;1;1;14
92;1;1;1;12
92;1;0;1;39
92;1;1;1;18
92;1;0;1;28
92;1;0;1;27
92;1;1;1;31
92;1;1;1;25
92;1;1;1;38
9578;1;0;1;14
9578;1;0;1;31
9578;1;0;1;28
9578;1;0;1;38
9578;1;0;1;27
9578;1;1;1;10
9578;1;1;1;25
9578;1;0;1;3
9578;1;1;1;29
9578;1;1;1;32
9578;1;0;1;39
9578;1;0;1;12
9578;1;1;1;18
9629;1;1;1;31
9629;1;1;1;32
9629;1;0;1;29
9629;1;0;1;38
9629;1;0;1;10
9629;1;1;1;12
9629;1;0;1;39
9629;1;1;1;18
9629;1;1;0;27
9629;1;1;1;25
9629;1;0;1;28
9629;1;0;1;14
9629;1;0;1;3
9787;1;0;1;14
9787;1;0;1;18
9787;1;1;1;31
9787;1;0;1;10
9787;1;0;1;39
9787;1;0;1;27
9787;1;0;1;29
9787;1;1;1;25
9787;1;1;1;32
9787;1;1;1;38
9787;1;0;1;3
9787;1;0;1;12
9787;1;0;1;28
1129;1;1;1;14
1129;1;1;1;31
1129;1;1;1;27
1129;1;1;1;28
1129;1;0;1;12
1129;1;0;1;25
1129;1;1;0;10
1129;1;0;1;32
1129;1;1;1;3
1129;1;0;1;29
1129;1;0;1;39
1129;1;0;1;38
1129;1;1;1;18
1186;1;1;1;29
1186;1;0;1;18
1186;1;0;1;25
1186;1;0;1;3
1186;1;1;1;10
1186;1;0;1;31
1186;1;1;1;14
1186;1;0;1;28
1186;1;0;1;12
1186;1;0;1;32
1186;1;1;1;27
1186;1;1;1;38
1186;1;0;1;39
1576;1;1;1;28
1576;1;1;1;12
1576;1;1;1;31
1576;1;0;1;14
1576;1;1;1;25
1576;1;0;1;27
1576;1;1;1;10
1576;1;0;1;3
1576;1;0;1;32
1576;1;1;1;18
1576;1;1;0;38
1576;1;1;1;39
1576;1;1;1;29
1843;1;0;1;39
1843;1;1;1;25
1843;1;0;1;31
1843;1;1;1;3
1843;1;1;1;18
1843;1;0;1;12
1843;1;0;1;14
1843;1;0;1;29
1843;1;0;1;38
1843;1;1;1;10
1843;1;1;1;27
1843;1;1;1;32
1843;1;0;0;28
2292;1;1;1;12
2292;1;1;1;27
2292;1;0;0;38
2292;1;1;1;18
2292;1;1;1;39
2292;1;0;1;28
2292;1;0;1;3
2292;1;0;1;31
2292;1;1;1;10
2292;1;0;1;29
2292;1;0;1;32
2292;1;1;1;14
2292;1;1;1;25
2702;1;0;1;31
2702;1;1;1;25
2702;1;1;1;29
2702;1;1;1;12
2702;1;1;1;38
2702;1;1;1;14
2702;1;0;1;39
2702;1;1;0;18
2702;1;0;1;28
2702;1;1;1;3
2702;1;0;1;32
2702;1;0;1;27
2702;1;1;1;10
2913;1;0;1;3
2913;1;1;1;14
2913;1;1;1;18
2913;1;1;1;10
2913;1;1;0;29
2913;1;0;1;27
2913;1;1;1;31
2913;1;1;1;25
2913;1;1;1;28
2913;1;1;1;32
2913;1;1;1;38
2913;1;1;1;12
2913;1;0;1;39
3145;1;1;1;25
3145;1;0;1;38
3145;1;1;1;3
3145;1;0;1;10
3145;1;0;1;29
3145;1;1;1;18
3145;1;0;1;31
3145;1;1;1;28
3145;1;0;1;32
3145;1;1;1;14
3145;1;1;1;39
3145;1;0;1;12
3145;1;0;1;27
3329;1;1;1;3
3329;1;1;1;25
3329;1;1;1;28
3329;1;1;1;38
3329;1;0;1;14
3329;1;1;1;29
3329;1;1;1;27
3329;1;1;0;39
3329;1;1;1;10
3329;1;1;1;18
3329;1;1;1;31
3329;1;1;1;32
3329;1;0;1;12
3588;1;1;1;28
3588;1;0;1;39
3588;1;1;1;32
3588;1;0;1;3
3588;1;0;1;29
3588;1;0;0;18
3588;1;0;1;12
3588;1;0;1;38
3588;1;1;1;31
3588;1;0;1;10
3588;1;1;1;27
3588;1;1;1;14
3588;1;0;1;25
4061;1;1;1;12
4061;1;0;1;18
4061;1;0;1;32
4061;1;0;1;25
4061;1;1;1;38
4061;1;0;1;14
4061;1;0;1;39
4061;1;1;1;31
4061;1;1;1;10
4061;1;0;1;3
4061;1;1;1;29
4061;1;1;1;27
4061;1;1;1;28
4220;1;1;1;32
4220;1;1;1;27
4220;1;1;1;39
4220;1;1;1;31
4220;1;0;1;12
4220;1;0;1;14
4220;1;1;1;18
4220;1;0;1;38
4220;1;1;1;25
4220;1;1;1;29
4220;1;0;1;28
4220;1;1;1;3
4220;1;1;1;10
5015;1;0;1;25
5015;1;0;1;18
5015;1;0;1;10
5015;1;1;1;27
5015;1;1;1;39
5015;1;1;1;31
5015;1;1;1;32
5015;1;0;1;28
5015;1;0;1;38
5015;1;0;1;29
5015;1;1;1;14
5015;1;1;1;3
5015;1;0;1;12
5839;1;0;0;29
5839;1;1;1;39
5839;1;1;1;3
5839;1;0;1;12
5839;1;0;1;18
5839;1;1;1;32
5839;1;1;1;28
5839;1;0;1;31
5839;1;0;1;14
5839;1;0;1;27
5839;1;0;1;25
5839;1;1;1;10
5839;1;0;1;38
5849;1;1;1;28
5849;1;1;1;12
5849;1;1;1;32
5849;1;0;1;38
5849;1;1;1;25
5849;1;1;1;3
5849;1;1;1;14
5849;1;1;1;31
5849;1;0;1;29
5849;1;1;1;18
5849;1;0;1;27
5849;1;1;1;39
5849;1;0;1;10
6201;1;1;1;14
6201;1;1;1;25
6201;1;1;1;3
6201;1;0;1;12
6201;1;1;1;39
6201;1;0;1;31
6201;1;0;1;28
6201;1;1;1;32
6201;1;0;1;29
6201;1;1;1;27
6201;1;0;1;10
6201;1;0;1;18
6201;1;0;1;38
6402;1;0;1;14
6402;1;1;1;39
6402;1;0;1;32
6402;1;1;1;29
6402;1;1;1;28
6402;1;0;1;38
6402;1;1;1;18
6402;1;1;1;12
6402;1;1;1;3
6402;1;0;1;25
6402;1;0;1;27
6402;1;1;1;31
6402;1;1;1;10
6427;1;1;1;28
6427;1;1;1;3
6427;1;0;1;27
6427;1;1;1;10
6427;1;0;1;29
6427;1;1;1;39
6427;1;0;1;12
6427;1;1;1;32
6427;1;0;1;18
6427;1;0;1;25
6427;1;1;1;38
6427;1;1;1;14
6427;1;0;1;31
6519;1;0;1;38
6519;1;0;1;14
6519;1;0;1;31
6519;1;1;1;28
6519;1;0;1;12
6519;1;1;1;3
6519;1;1;1;32
6519;1;1;1;29
6519;1;0;1;18
6519;1;1;1;27
6519;1;1;1;25
6519;1;1;1;10
6519;1;1;1;39
7253;1;0;1;32
7253;1;1;1;38
7253;1;1;1;14
7253;1;1;1;31
7253;1;1;1;12
7253;1;0;1;25
7253;1;0;1;18
7253;1;0;1;39
7253;1;1;1;3
7253;1;1;1;27
7253;1;1;1;10
7253;1;0;1;28
7253;1;1;1;29
8169;1;1;1;3
8169;1;1;1;29
8169;1;1;1;31
8169;1;0;1;25
8169;1;0;1;32
8169;1;0;1;12
8169;1;0;1;14
8169;1;1;1;27
8169;1;1;1;39
8169;1;0;1;18
8169;1;1;1;28
8169;1;0;1;10
8169;1;0;1;38
8488;1;0;1;29
8488;1;0;1;39
8488;1;0;1;25
8488;1;0;1;27
8488;1;1;1;12
8488;1;0;1;3
8488;1;0;1;18
8488;1;0;1;10
8488;1;0;1;31
8488;1;0;1;38
8488;1;0;1;28
8488;1;0;1;32
8488;1;0;1;14
8616;1;0;1;31
8616;1;1;1;28
8616;1;1;1;38
8616;1;0;1;29
8616;1;0;1;12
8616;1;0;1;14
8616;1;0;1;25
8616;1;0;1;18
8616;1;0;1;10
8616;1;1;0;27
8616;1;1;1;32
8616;1;0;1;3
8616;1;1;1;39
9410;1;0;1;10
9410;1;0;1;32
9410;1;0;1;18
9410;1;0;1;27
9410;1;0;1;38
9410;1;1;1;31
9410;1;1;1;29
9410;1;0;1;14
9410;1;1;1;3
9410;1;1;1;12
9410;1;0;1;39
9410;1;0;1;25
9410;1;1;1;28
9664;1;1;1;31
9664;1;0;1;32
9664;1;0;1;29
9664;1;1;1;27
9664;1;0;1;28
9664;1;0;1;18
9664;1;0;1;14
9664;1;0;1;12
9664;1;0;1;25
9664;1;1;1;39
9664;1;0;1;3
9664;1;1;1;38
9664;1;1;1;10
9884;1;1;1;18
9884;1;0;1;32
9884;1;1;1;10
9884;1;0;1;25
9884;1;1;1;39
9884;1;1;1;12
9884;1;1;1;28
9884;1;1;1;31
9884;1;0;0;38
9884;1;1;1;14
9884;1;1;1;27
9884;1;1;1;29
9884;1;1;1;3
1139;2;1;1;3
1139;2;0;1;31
1139;2;0;1;28
1139;2;1;1;25
1139;2;0;1;18
1139;2;0;1;12
1139;2;1;1;10
1139;2;1;1;29
1139;2;1;1;38
1139;2;0;1;39
1139;2;1;1;14
1139;2;0;1;32
1139;2;0;1;27
1240;2;1;1;28
1240;2;0;0;38
1240;2;0;1;32
1240;2;1;1;3
1240;2;0;1;12
1240;2;1;1;10
1240;2;1;1;39
1240;2;0;1;18
1240;2;0;1;31
1240;2;0;1;29
1240;2;1;1;14
1240;2;0;1;25
1240;2;1;1;27
1616;2;0;1;18
1616;2;0;1;28
1616;2;0;1;25
1616;2;0;1;29
1616;2;1;1;14
1616;2;0;1;38
1616;2;1;1;27
1616;2;1;1;3
1616;2;1;1;12
1616;2;0;1;32
1616;2;0;1;39
1616;2;1;1;31
1616;2;1;0;10
1968;2;0;1;10
1968;2;1;1;28
1968;2;1;1;32
1968;2;1;1;3
1968;2;1;1;12
1968;2;0;1;14
1968;2;1;1;18
1968;2;0;1;39
1968;2;0;1;31
1968;2;1;0;25
1968;2;0;1;38
1968;2;1;1;27
1968;2;1;1;29
2512;2;1;1;28
2512;2;1;1;38
2512;2;0;1;25
2512;2;0;1;39
2512;2;0;0;12
2512;2;1;1;29
2512;2;1;1;27
2512;2;1;1;10
2512;2;0;1;3
2512;2;1;1;31
2512;2;1;1;18
2512;2;0;1;32
2512;2;1;1;14
2665;2;0;1;25
2665;2;1;1;28
2665;2;0;1;39
2665;2;0;1;14
2665;2;1;1;32
2665;2;1;1;18
2665;2;0;1;31
2665;2;1;1;29
2665;2;0;1;12
2665;2;1;1;3
2665;2;0;1;27
2665;2;0;1;38
2665;2;0;1;10
2723;2;0;1;12
2723;2;1;1;27
2723;2;0;1;10
2723;2;0;1;18
2723;2;0;1;3
2723;2;1;1;32
2723;2;0;1;39
2723;2;0;1;28
2723;2;0;1;14
2723;2;1;1;25
2723;2;0;0;31
2723;2;1;1;29
2723;2;1;1;38
3029;2;1;1;28
3029;2;1;1;31
3029;2;0;1;10
3029;2;1;1;27
3029;2;1;1;32
3029;2;1;1;25
3029;2;1;1;12
3029;2;1;1;38
3029;2;0;1;18
3029;2;0;1;39
3029;2;1;1;14
3029;2;0;1;3
3029;2;0;1;29
3166;2;0;1;39
3166;2;1;1;18
3166;2;0;1;25
3166;2;0;1;38
3166;2;0;1;28
3166;2;1;1;10
3166;2;0;1;3
3166;2;0;1;12
3166;2;1;1;27
3166;2;1;1;29
3166;2;1;1;14
3166;2;1;1;31
3166;2;1;1;32
3742;2;1;1;39
3742;2;1;1;27
3742;2;0;1;29
3742;2;1;1;31
3742;2;0;1;38
3742;2;0;1;28
3742;2;0;1;10
3742;2;0;1;25
3742;2;1;1;12
3742;2;0;1;18
3742;2;1;1;3
3742;2;1;1;14
3742;2;1;0;32
3860;2;0;1;3
3860;2;0;1;28
3860;2;0;1;25
3860;2;1;1;10
3860;2;1;1;14
3860;2;1;1;32
3860;2;1;1;18
3860;2;1;1;29
3860;2;1;1;31
3860;2;0;1;38
3860;2;0;1;27
3860;2;0;1;12
3860;2;0;1;39
4613;2;1;1;27
4613;2;0;1;38
4613;2;1;1;28
4613;2;0;1;14
4613;2;1;1;18
4613;2;0;1;25
4613;2;1;1;3
4613;2;1;1;12
4613;2;1;0;32
4613;2;1;1;31
4613;2;0;1;10
4613;2;1;1;39
4613;2;0;1;29
4910;2;0;1;28
4910;2;0;1;3
4910;2;1;0;39
4910;2;0;1;10
4910;2;0;1;32
4910;2;1;1;12
4910;2;1;1;31
4910;2;0;1;27
4910;2;0;1;38
4910;2;1;1;14
4910;2;1;1;29
4910;2;1;1;18
4910;2;0;1;25
5250;2;1;1;28
5250;2;0;1;31
5250;2;1;1;29
5250;2;0;1;12
5250;2;0;0;3
5250;2;1;1;38
5250;2;1;1;39
5250;2;1;1;18
5250;2;1;1;14
5250;2;0;1;10
5250;2;1;1;27
5250;2;0;1;25
5250;2;1;1;32
5943;2;0;1;27
5943;2;1;1;32
5943;2;1;1;31
5943;2;0;1;29
5943;2;0;1;39
5943;2;0;1;3
5943;2;1;1;38
5943;2;1;1;14
5943;2;1;1;10
5943;2;0;1;12
5943;2;0;0;25
5943;2;0;1;18
5943;2;0;1;28
6650;2;0;1;18
6650;2;1;1;39
6650;2;0;1;14
6650;2;0;1;25
6650;2;0;1;28
6650;2;0;1;31
6650;2;1;1;32
6650;2;1;1;38
6650;2;0;1;10
6650;2;0;1;27
6650;2;0;1;3
6650;2;1;1;29
6650;2;1;1;12
6771;2;1;1;39
6771;2;1;1;29
6771;2;1;1;27
6771;2;0;1;14
6771;2;1;1;3
6771;2;1;1;31
6771;2;0;1;12
6771;2;0;1;28
6771;2;1;1;18
6771;2;1;1;38
6771;2;0;1;25
6771;2;1;1;10
6771;2;1;1;32
7987;2;1;1;18
7987;2;0;1;10
7987;2;1;1;38
7987;2;0;1;25
7987;2;1;0;29
7987;2;0;1;39
7987;2;0;1;14
7987;2;0;1;32
7987;2;0;1;3
7987;2;1;1;12
7987;2;0;1;27
7987;2;1;1;28
7987;2;1;1;31
8596;2;0;1;3
8596;2;0;1;18
8596;2;1;1;25
8596;2;0;1;10
8596;2;1;1;31
8596;2;0;1;27
8596;2;1;1;29
8596;2;1;1;32
8596;2;0;1;12
8596;2;0;1;38
8596;2;0;1;28
8596;2;1;1;39
8596;2;0;1;14
8755;2;0;1;10
8755;2;1;1;29
8755;2;1;1;38
8755;2;1;1;3
8755;2;1;1;18
8755;2;1;1;31
8755;2;1;1;39
8755;2;1;1;27
8755;2;0;1;28
8755;2;1;1;14
8755;2;0;1;25
8755;2;0;1;12
8755;2;0;1;32
880;2;1;1;38
880;2;1;1;32
880;2;1;1;18
880;2;1;1;10
880;2;1;1;25
880;2;0;1;31
880;2;1;1;29
880;2;1;1;14
880;2;0;1;39
880;2;1;1;3
880;2;1;1;28
880;2;1;0;12
880;2;1;1;27
8891;2;1;1;31
8891;2;0;1;3
8891;2;1;1;32
8891;2;0;1;39
8891;2;1;1;29
8891;2;0;1;25
8891;2;1;1;10
8891;2;1;1;28
8891;2;0;1;18
8891;2;0;1;14
8891;2;0;1;38
8891;2;0;1;12
8891;2;1;0;27
8901;2;1;1;18
8901;2;0;1;28
8901;2;1;1;12
8901;2;0;1;14
8901;2;1;1;25
8901;2;1;1;3
8901;2;1;1;31
8901;2;1;1;39
8901;2;0;1;29
8901;2;1;1;38
8901;2;0;1;27
8901;2;0;1;32
8901;2;0;1;10
891;2;1;1;28
891;2;1;1;25
891;2;0;1;32
891;2;0;0;27
891;2;0;1;29
891;2;1;1;38
891;2;1;1;10
891;2;1;1;18
891;2;1;1;12
891;2;0;1;31
891;2;1;1;39
891;2;0;1;3
891;2;1;1;14
9169;2;0;1;14
9169;2;1;1;25
9169;2;0;1;3
9169;2;1;1;28
9169;2;0;1;38
9169;2;1;1;39
9169;2;0;1;10
9169;2;1;1;18
9169;2;0;1;32
9169;2;1;1;27
9169;2;0;1;29
9169;2;0;1;12
9169;2;1;1;31
9392;2;1;1;27
9392;2;0;1;3
9392;2;1;1;38
9392;2;1;1;12
9392;2;0;1;28
9392;2;0;1;39
9392;2;1;1;31
9392;2;0;1;25
9392;2;1;1;10
9392;2;1;1;18
9392;2;1;1;14
9392;2;0;1;32
9392;2;0;1;29
9427;2;0;1;38
9427;2;0;1;18
9427;2;0;1;29
9427;2;0;1;25
9427;2;1;1;39
9427;2;1;1;31
9427;2;0;0;12
9427;2;1;1;3
9427;2;1;1;27
9427;2;0;1;32
9427;2;1;1;10
9427;2;0;1;14
9427;2;0;1;28
959;2;0;1;39
959;2;0;1;38
959;2;1;1;27
959;2;1;1;12
959;2;0;1;32
959;2;0;1;25
959;2;0;1;28
959;2;1;1;29
959;2;0;1;10
959;2;0;1;14
959;2;1;1;31
959;2;1;1;3
959;2;0;1;18
1227;2;0;1;39
1227;2;1;1;12
1227;2;1;1;25
1227;2;0;1;28
1227;2;0;1;14
1227;2;1;1;27
1227;2;1;1;29
1227;2;0;1;38
1227;2;1;1;31
1227;2;1;1;3
1227;2;0;1;32
1227;2;0;1;18
1227;2;0;1;10
1833;2;1;1;32
1833;2;1;1;28
1833;2;1;1;25
1833;2;0;1;10
1833;2;0;1;39
1833;2;0;1;27
1833;2;1;1;29
1833;2;0;1;14
1833;2;0;1;38
1833;2;0;1;18
1833;2;1;1;31
1833;2;0;1;12
1833;2;1;1;3
2202;2;0;1;12
2202;2;0;1;31
2202;2;1;1;32
2202;2;0;1;3
2202;2;1;1;14
2202;2;0;1;39
2202;2;1;1;29
2202;2;0;1;27
2202;2;1;1;25
2202;2;0;1;18
2202;2;0;1;38
2202;2;1;1;28
2202;2;0;1;10
2419;2;0;1;29
2419;2;0;1;28
2419;2;1;1;27
2419;2;0;1;12
2419;2;1;0;32
2419;2;0;1;31
2419;2;1;0;18
2419;2;1;0;14
2419;2;0;1;10
2419;2;1;1;25
2419;2;0;1;3
2419;2;0;1;39
2419;2;1;1;38
2467;2;0;1;12
2467;2;1;1;27
2467;2;1;1;18
2467;2;0;1;28
2467;2;0;1;39
2467;2;1;1;38
2467;2;1;1;29
2467;2;0;1;31
2467;2;0;1;3
2467;2;0;1;32
2467;2;1;1;14
2467;2;0;1;10
2467;2;1;1;25
2530;2;0;1;27
2530;2;1;1;3
2530;2;1;0;25
2530;2;1;1;38
2530;2;0;1;29
2530;2;0;1;28
2530;2;0;1;18
2530;2;0;1;12
2530;2;1;1;10
2530;2;1;1;31
2530;2;1;1;32
2530;2;1;1;39
2530;2;1;1;14
2831;2;0;1;18
2831;2;0;1;39
2831;2;0;1;3
2831;2;1;1;25
2831;2;1;1;27
2831;2;0;1;28
2831;2;0;1;10
2831;2;1;1;38
2831;2;0;1;29
2831;2;0;1;32
2831;2;0;1;31
2831;2;1;1;12
2831;2;1;1;14
3317;2;0;1;10
3317;2;1;1;31
3317;2;1;1;28
3317;2;1;1;12
3317;2;1;1;25
3317;2;0;0;39
3317;2;1;1;3
3317;2;0;0;38
3317;2;0;1;27
3317;2;0;1;32
3317;2;1;1;18
3317;2;1;1;29
3317;2;1;1;14
41;2;1;0;32
41;2;1;1;25
41;2;1;1;12
41;2;0;1;14
41;2;1;1;3
41;2;1;1;39
41;2;1;1;10
41;2;0;1;29
41;2;1;1;31
41;2;1;1;38
41;2;0;1;18
41;2;1;1;28
41;2;0;1;27
4583;2;1;1;38
4583;2;0;1;39
4583;2;0;1;32
4583;2;0;1;18
4583;2;1;1;29
4583;2;1;1;10
4583;2;0;1;14
4583;2;1;1;28
4583;2;0;1;25
4583;2;1;1;3
4583;2;0;1;12
4583;2;1;1;31
4583;2;0;1;27
4839;2;1;1;3
4839;2;0;1;32
4839;2;0;1;31
4839;2;1;1;28
4839;2;1;1;12
4839;2;0;1;27
4839;2;1;1;25
4839;2;0;1;14
4839;2;0;1;18
4839;2;0;1;29
4839;2;1;1;10
4839;2;1;1;38
4839;2;1;1;39
5122;2;1;0;25
5122;2;0;1;29
5122;2;1;1;28
5122;2;1;1;31
5122;2;1;1;12
5122;2;0;1;32
5122;2;0;1;27
5122;2;1;1;39
5122;2;1;0;10
5122;2;0;1;14
5122;2;0;1;3
5122;2;0;1;38
5122;2;0;1;18
5772;2;1;0;39
5772;2;0;1;10
5772;2;1;1;32
5772;2;0;1;27
5772;2;0;1;29
5772;2;0;1;31
5772;2;0;0;28
5772;2;1;1;3
5772;2;0;1;14
5772;2;1;1;25
5772;2;1;1;18
5772;2;1;1;38
5772;2;0;1;12
5910;2;0;1;29
5910;2;1;1;14
5910;2;1;1;27
5910;2;0;0;39
5910;2;0;1;32
5910;2;1;0;12
5910;2;0;1;10
5910;2;1;0;25
5910;2;0;1;3
5910;2;1;1;38
5910;2;1;1;18
5910;2;0;1;31
5910;2;1;1;28
6538;2;0;1;18
6538;2;0;1;32
6538;2;1;1;39
6538;2;0;1;12
6538;2;1;1;25
6538;2;0;1;10
6538;2;0;1;14
6538;2;0;1;29
6538;2;1;1;27
6538;2;0;1;28
6538;2;0;1;3
6538;2;0;1;31
6538;2;0;1;38
7075;2;1;1;18
7075;2;0;1;3
7075;2;1;1;14
7075;2;1;0;32
7075;2;0;1;29
7075;2;0;1;39
7075;2;1;1;31
7075;2;1;1;28
7075;2;1;1;10
7075;2;0;1;38
7075;2;1;1;27
7075;2;0;1;25
7075;2;1;1;12
7166;2;0;1;12
7166;2;0;1;14
7166;2;1;1;29
7166;2;0;1;25
7166;2;0;1;39
7166;2;1;1;10
7166;2;1;1;27
7166;2;0;0;38
7166;2;1;1;28
7166;2;0;1;18
7166;2;1;1;31
7166;2;0;1;3
7166;2;0;1;32
7493;2;1;1;27
7493;2;0;1;3
7493;2;0;1;18
7493;2;1;1;39
7493;2;0;1;38
7493;2;0;1;29
7493;2;0;1;12
7493;2;0;1;10
7493;2;0;1;25
7493;2;0;1;31
7493;2;0;1;14
7493;2;1;1;28
7493;2;0;1;32
7547;2;0;1;25
7547;2;1;1;28
7547;2;1;1;12
7547;2;0;1;32
7547;2;1;1;3
7547;2;0;1;14
7547;2;1;1;18
7547;2;0;1;29
7547;2;0;1;10
7547;2;1;1;31
7547;2;1;1;39
7547;2;1;1;38
7547;2;0;1;27
78112;2;1;1;18
78112;2;0;1;29
78112;2;1;1;31
78112;2;1;1;12
78112;2;1;1;39
78112;2;1;1;27
78112;2;0;1;38
78112;2;0;1;14
78112;2;0;1;3
78112;2;0;1;28
78112;2;1;1;25
78112;2;0;1;32
78112;2;0;1;10
7811;2;0;1;14
7811;2;0;1;39
7811;2;0;1;12
7811;2;1;1;38
7811;2;1;1;10
7811;2;1;1;31
7811;2;0;1;25
7811;2;0;1;29
7811;2;0;1;32
7811;2;0;1;27
7811;2;1;1;18
7811;2;0;1;28
7811;2;0;1;3
7976;2;1;1;12
7976;2;1;1;32
7976;2;1;1;10
7976;2;1;1;27
7976;2;0;1;38
7976;2;1;1;25
7976;2;1;1;31
7976;2;0;1;28
7976;2;1;1;3
7976;2;1;1;29
7976;2;0;1;39
7976;2;1;1;14
7976;2;1;1;18
8338;2;0;1;29
8338;2;1;1;10
8338;2;1;1;27
8338;2;0;1;31
8338;2;1;1;39
8338;2;0;1;32
8338;2;1;1;12
8338;2;1;1;38
8338;2;1;1;18
8338;2;0;1;14
8338;2;0;1;28
8338;2;1;1;3
8338;2;0;1;25
8391;2;1;1;12
8391;2;1;1;28
8391;2;0;0;14
8391;2;0;1;32
8391;2;0;1;18
8391;2;1;1;10
8391;2;1;1;25
8391;2;0;0;39
8391;2;1;1;29
8391;2;0;1;27
8391;2;1;1;38
8391;2;1;1;3
8391;2;1;1;31
9803;2;0;1;3
9803;2;1;1;10
9803;2;0;1;29
9803;2;1;1;28
9803;2;1;1;32
9803;2;0;1;31
9803;2;1;1;14
9803;2;0;1;18
9803;2;0;1;27
9803;2;0;1;25
9803;2;1;1;38
9803;2;0;1;39
9803;2;1;1;12
1833;3;0;1;38
1833;3;0;1;28
1833;3;1;1;39
1833;3;1;1;31
1833;3;0;1;29
1833;3;0;1;27
1833;3;1;0;32
1833;3;1;1;10
1833;3;1;1;18
1833;3;0;1;3
1833;3;0;0;25
1833;3;0;1;14
1833;3;0;1;12
1983;3;1;1;27
1983;3;0;1;28
1983;3;0;1;32
1983;3;1;1;31
1983;3;0;1;39
1983;3;1;1;14
1983;3;0;1;38
1983;3;1;1;29
1983;3;0;1;10
1983;3;0;1;3
1983;3;1;0;25
1983;3;0;1;12
1983;3;1;1;18
2070;3;1;1;38
2070;3;1;1;39
2070;3;1;1;3
2070;3;0;1;14
2070;3;0;1;32
2070;3;0;1;25
2070;3;1;1;28
2070;3;1;1;29
2070;3;0;1;31
2070;3;0;1;12
2070;3;1;1;18
2070;3;0;1;27
2070;3;1;1;10
2215;3;1;0;29
2215;3;0;1;10
2215;3;0;1;27
2215;3;0;1;25
2215;3;1;1;32
2215;3;0;1;39
2215;3;0;1;12
2215;3;0;1;3
2215;3;1;1;31
2215;3;0;1;28
2215;3;1;1;18
2215;3;0;1;38
2215;3;1;0;14
238;3;0;1;38
238;3;1;1;18
238;3;1;1;27
238;3;0;1;39
238;3;1;1;32
238;3;0;1;10
238;3;0;1;25
238;3;0;1;3
238;3;1;1;12
238;3;1;0;31
238;3;0;1;28
238;3;1;1;29
238;3;1;1;14
2737;3;1;1;38
2737;3;0;1;39
2737;3;0;0;29
2737;3;1;1;18
2737;3;0;1;10
2737;3;0;1;3
2737;3;0;1;31
2737;3;1;1;25
2737;3;1;1;28
2737;3;0;1;27
2737;3;1;1;14
2737;3;0;1;32
2737;3;1;1;12
3618;3;1;1;14
3618;3;1;1;29
3618;3;1;1;10
3618;3;1;1;12
3618;3;1;1;38
3618;3;0;1;3
3618;3;1;1;27
3618;3;0;0;39
3618;3;1;1;31
3618;3;0;1;25
3618;3;1;1;18
3618;3;1;1;32
3618;3;1;1;28
3925;3;0;1;10
3925;3;0;0;27
3925;3;0;1;28
3925;3;0;1;29
3925;3;0;1;39
3925;3;1;1;38
3925;3;0;1;25
3925;3;0;1;32
3925;3;0;1;12
3925;3;0;1;14
3925;3;1;1;18
3925;3;1;1;31
3925;3;1;1;3
5033;3;1;1;32
5033;3;1;1;10
5033;3;0;1;28
5033;3;1;1;31
5033;3;1;1;18
5033;3;1;1;27
5033;3;0;1;12
5033;3;1;1;14
5033;3;1;1;29
5033;3;0;1;25
5033;3;1;1;38
5033;3;0;1;39
5033;3;1;1;3
5734;3;0;1;25
5734;3;0;1;12
5734;3;0;1;32
5734;3;0;1;18
5734;3;0;1;29
5734;3;0;1;14
5734;3;1;1;10
5734;3;1;1;3
5734;3;1;1;28
5734;3;0;1;31
5734;3;1;1;27
5734;3;1;1;39
5734;3;1;1;38
6254;3;0;1;14
6254;3;1;1;29
6254;3;1;1;31
6254;3;1;1;25
6254;3;0;1;28
6254;3;0;1;18
6254;3;0;1;3
6254;3;1;1;32
6254;3;1;1;10
6254;3;0;1;27
6254;3;1;1;38
6254;3;0;1;39
6254;3;1;1;12
6320;3;0;1;32
6320;3;0;1;25
6320;3;1;1;14
6320;3;1;1;29
6320;3;0;1;38
6320;3;0;1;28
6320;3;1;1;10
6320;3;1;1;31
6320;3;1;1;39
6320;3;1;1;3
6320;3;0;1;27
6320;3;0;1;12
6320;3;0;1;18
6386;3;0;1;14
6386;3;0;1;25
6386;3;1;1;29
6386;3;0;1;18
6386;3;0;1;12
6386;3;1;1;3
6386;3;1;1;31
6386;3;1;1;39
6386;3;0;1;28
6386;3;1;1;38
6386;3;0;1;32
6386;3;0;1;27
6386;3;1;1;10
6436;3;0;1;29
6436;3;0;1;12
6436;3;1;1;38
6436;3;1;1;39
6436;3;1;1;28
6436;3;1;1;27
6436;3;0;1;32
6436;3;0;1;3
6436;3;0;1;10
6436;3;1;1;25
6436;3;1;1;18
6436;3;0;1;31
6436;3;0;1;14
6442;3;0;1;25
6442;3;1;1;27
6442;3;1;1;18
6442;3;0;1;32
6442;3;1;1;14
6442;3;0;1;3
6442;3;0;1;38
6442;3;0;1;28
6442;3;1;0;10
6442;3;0;1;29
6442;3;0;1;12
6442;3;0;1;31
6442;3;0;1;39
6606;3;0;1;3
6606;3;0;1;29
6606;3;0;1;38
6606;3;1;1;14
6606;3;1;1;39
6606;3;0;1;25
6606;3;0;0;32
6606;3;0;1;10
6606;3;1;1;27
6606;3;0;1;12
6606;3;1;1;18
6606;3;1;1;31
6606;3;1;1;28
7360;3;0;1;39
7360;3;1;0;12
7360;3;1;1;32
7360;3;1;1;27
7360;3;0;1;25
7360;3;0;1;18
7360;3;0;1;28
7360;3;0;1;10
7360;3;1;1;14
7360;3;0;1;31
7360;3;0;1;29
7360;3;0;1;3
7360;3;1;1;38
7504;3;0;1;25
7504;3;1;0;31
7504;3;1;1;10
7504;3;0;0;3
7504;3;0;1;32
7504;3;1;1;27
7504;3;0;1;18
7504;3;0;1;29
7504;3;1;1;38
7504;3;0;1;28
7504;3;1;1;12
7504;3;1;1;14
7504;3;0;1;39
7676;3;0;1;18
7676;3;0;1;3
7676;3;1;1;12
7676;3;0;1;29
7676;3;0;1;38
7676;3;1;1;25
7676;3;0;1;31
7676;3;1;1;39
7676;3;0;1;14
7676;3;1;1;32
7676;3;1;1;28
7676;3;0;1;10
7676;3;0;1;27
7908;3;0;1;3
7908;3;1;1;25
7908;3;0;1;12
7908;3;0;1;10
7908;3;0;1;39
7908;3;1;1;28
7908;3;0;1;14
7908;3;1;0;32
7908;3;0;1;27
7908;3;1;1;18
7908;3;1;1;38
7908;3;0;1;29
7908;3;1;1;31
8716;3;0;1;14
8716;3;0;1;25
8716;3;1;1;38
8716;3;1;1;3
8716;3;0;1;12
8716;3;1;1;39
8716;3;1;1;31
8716;3;0;1;28
8716;3;1;1;27
8716;3;1;1;32
8716;3;0;1;29
8716;3;1;1;18
8716;3;1;1;10
8753;3;1;1;12
8753;3;0;1;14
8753;3;1;1;38
8753;3;1;1;31
8753;3;0;1;39
8753;3;0;1;28
8753;3;1;1;25
8753;3;0;1;3
8753;3;1;1;27
8753;3;1;1;29
8753;3;1;1;18
8753;3;0;1;10
8753;3;0;1;32
887;3;0;1;12
887;3;0;1;31
887;3;0;1;3
887;3;0;1;32
887;3;0;1;18
887;3;1;1;14
887;3;1;1;10
887;3;0;1;38
887;3;0;1;39
887;3;1;1;27
887;3;0;1;29
887;3;0;1;28
887;3;1;1;25
9039;3;1;1;31
9039;3;0;1;3
9039;3;0;1;14
9039;3;1;1;27
9039;3;1;1;10
9039;3;1;1;12
9039;3;0;1;18
9039;3;1;1;28
9039;3;0;1;38
9039;3;1;1;32
9039;3;1;1;25
9039;3;0;1;29
9039;3;0;1;39
9189;3;1;1;3
9189;3;1;1;18
9189;3;0;1;28
9189;3;0;1;29
9189;3;1;1;25
9189;3;1;1;12
9189;3;0;1;31
9189;3;0;1;10
9189;3;0;0;14
9189;3;0;0;38
9189;3;0;1;32
9189;3;1;1;39
9189;3;1;1;27
9269;3;0;1;28
9269;3;1;1;29
9269;3;0;1;27
9269;3;0;0;12
9269;3;0;1;38
9269;3;0;1;10
9269;3;0;1;25
9269;3;1;1;18
9269;3;0;1;3
9269;3;0;1;31
9269;3;0;1;32
9269;3;1;1;14
9269;3;1;1;39
9607;3;0;1;3
9607;3;0;1;18
9607;3;1;0;29
9607;3;0;1;12
9607;3;1;1;38
9607;3;0;1;32
9607;3;0;1;31
9607;3;0;1;27
9607;3;1;1;10
9607;3;0;1;28
9607;3;0;1;25
9607;3;0;1;39
9607;3;1;1;14
9814;3;0;1;28
9814;3;1;1;31
9814;3;1;1;39
9814;3;0;1;3
9814;3;0;1;25
9814;3;1;1;38
9814;3;0;1;10
9814;3;0;1;14
9814;3;1;1;29
9814;3;1;1;32
9814;3;0;1;27
9814;3;0;1;12
9814;3;1;1;18
1404;3;0;1;10
1404;3;1;1;25
1404;3;0;1;31
1404;3;0;1;14
1404;3;1;1;12
1404;3;0;1;28
1404;3;1;1;38
1404;3;1;1;39
1404;3;0;1;27
1404;3;0;1;18
1404;3;0;1;3
1404;3;1;1;32
1404;3;1;1;29
1564;3;1;1;27
1564;3;1;1;31
1564;3;0;1;14
1564;3;1;1;10
1564;3;1;1;28
1564;3;0;1;38
1564;3;0;1;39
1564;3;0;1;18
1564;3;0;1;29
1564;3;0;1;3
1564;3;0;1;25
1564;3;0;1;12
1564;3;0;1;32
1605;3;0;1;31
1605;3;1;1;27
1605;3;1;1;25
1605;3;0;1;3
1605;3;0;1;32
1605;3;1;1;10
1605;3;1;1;39
1605;3;0;1;14
1605;3;1;1;12
1605;3;0;1;38
1605;3;0;1;28
1605;3;0;1;29
1605;3;1;1;18
1689;3;0;1;3
1689;3;0;1;18
1689;3;1;1;28
1689;3;0;1;31
1689;3;0;1;14
1689;3;0;1;29
1689;3;0;1;25
1689;3;0;1;12
1689;3;1;1;38
1689;3;0;1;27
1689;3;1;1;39
1689;3;1;1;10
1689;3;0;1;32
2131;3;1;1;25
2131;3;0;1;18
2131;3;0;1;31
2131;3;0;1;29
2131;3;1;1;39
2131;3;0;1;14
2131;3;1;1;27
2131;3;0;1;32
2131;3;0;1;10
2131;3;1;1;12
2131;3;1;0;38
2131;3;0;1;3
2131;3;1;0;28
2828;3;0;1;25
2828;3;1;1;38
2828;3;0;1;14
2828;3;1;1;12
2828;3;0;1;10
2828;3;1;1;18
2828;3;1;1;3
2828;3;0;1;27
2828;3;1;1;39
2828;3;1;1;31
2828;3;0;1;28
2828;3;0;1;32
2828;3;1;1;29
3044;3;1;1;14
3044;3;0;1;29
3044;3;0;1;31
3044;3;1;1;10
3044;3;1;1;3
3044;3;1;1;27
3044;3;0;1;38
3044;3;0;1;39
3044;3;0;1;12
3044;3;1;1;28
3044;3;1;1;32
3044;3;1;1;25
3044;3;1;1;18
3066;3;1;1;25
3066;3;1;1;3
3066;3;0;1;29
3066;3;0;1;28
3066;3;0;1;38
3066;3;1;1;12
3066;3;0;1;39
3066;3;1;1;27
3066;3;0;1;18
3066;3;1;1;14
3066;3;0;1;10
3066;3;1;1;32
3066;3;0;1;31
3966;3;0;1;31
3966;3;1;1;14
3966;3;0;1;27
3966;3;0;1;32
3966;3;1;1;28
3966;3;1;1;18
3966;3;1;1;29
3966;3;0;1;10
3966;3;1;1;12
3966;3;0;1;38
3966;3;0;1;25
3966;3;0;0;3
3966;3;0;1;39
4073;3;1;1;39
4073;3;1;1;27
4073;3;1;1;25
4073;3;0;1;10
4073;3;0;1;12
4073;3;0;1;29
4073;3;0;1;3
4073;3;1;1;38
4073;3;1;1;28
4073;3;0;1;31
4073;3;1;1;18
4073;3;1;1;14
4073;3;0;1;32
4076;3;1;1;10
4076;3;0;0;12
4076;3;1;1;28
4076;3;1;1;29
4076;3;1;1;38
4076;3;1;1;27
4076;3;0;1;18
4076;3;0;1;25
4076;3;1;1;14
4076;3;1;1;31
4076;3;1;1;3
4076;3;0;1;32
4076;3;1;1;39
4767;3;1;1;31
4767;3;1;1;28
4767;3;1;1;25
4767;3;0;1;10
4767;3;1;1;32
4767;3;1;1;38
4767;3;0;1;3
4767;3;1;1;12
4767;3;1;1;18
4767;3;1;1;39
4767;3;1;1;29
4767;3;0;1;14
4767;3;0;1;27
5322;3;1;1;3
5322;3;1;1;25
5322;3;0;1;12
5322;3;1;1;32
5322;3;1;1;10
5322;3;0;1;29
5322;3;0;1;28
5322;3;0;1;31
5322;3;0;1;27
5322;3;1;1;18
5322;3;1;1;38
5322;3;1;1;39
5322;3;1;1;14
5924;3;0;0;10
5924;3;0;1;28
5924;3;0;1;25
5924;3;1;1;38
5924;3;1;1;39
5924;3;1;1;18
5924;3;0;1;31
5924;3;1;1;27
5924;3;0;1;32
5924;3;1;1;3
5924;3;1;1;29
5924;3;0;1;14
5924;3;0;1;12
6386;3;0;1;28
6386;3;0;1;39
6386;3;0;1;25
6386;3;1;0;32
6386;3;0;1;12
6386;3;1;1;10
6386;3;1;0;31
6386;3;1;1;27
6386;3;0;1;18
6386;3;1;1;14
6386;3;0;1;38
6386;3;0;1;3
6386;3;0;1;29
642;3;0;1;3
642;3;1;1;27
642;3;1;1;18
642;3;1;1;25
642;3;0;1;31
642;3;0;1;14
642;3;0;1;39
642;3;1;1;38
642;3;0;0;32
642;3;1;1;28
642;3;0;1;12
642;3;0;1;10
642;3;1;1;29
7046;3;0;1;29
7046;3;0;1;39
7046;3;0;1;32
7046;3;0;1;10
7046;3;1;1;28
7046;3;0;1;12
7046;3;0;1;18
7046;3;0;1;3
7046;3;0;1;31
7046;3;0;1;38
7046;3;1;1;14
7046;3;1;1;25
7046;3;1;1;27
7818;3;1;1;3
7818;3;1;1;39
7818;3;0;1;18
7818;3;1;1;38
7818;3;1;1;25
7818;3;1;1;10
7818;3;0;1;12
7818;3;1;1;32
7818;3;0;1;28
7818;3;0;1;29
7818;3;0;1;31
7818;3;1;1;14
7818;3;1;1;27
8258;3;1;1;18
8258;3;1;1;32
8258;3;1;1;28
8258;3;1;1;10
8258;3;0;1;38
8258;3;1;1;25
8258;3;0;1;14
8258;3;1;1;12
8258;3;0;0;3
8258;3;0;1;29
8258;3;0;1;39
8258;3;1;1;27
8258;3;0;1;31
8766;3;1;1;12
8766;3;1;1;29
8766;3;1;1;28
8766;3;0;1;18
8766;3;0;1;3
8766;3;1;1;32
8766;3;1;1;27
8766;3;0;1;39
8766;3;0;1;14
8766;3;1;1;25
8766;3;1;1;10
8766;3;0;1;38
8766;3;0;1;31
9204;3;1;1;31
9204;3;0;1;14
9204;3;1;1;39
9204;3;1;0;27
9204;3;1;1;32
9204;3;1;1;28
9204;3;0;1;10
9204;3;1;1;38
9204;3;0;1;25
9204;3;1;1;3
9204;3;0;1;18
9204;3;0;1;29
9204;3;1;1;12
9699;3;1;1;10
9699;3;0;1;14
9699;3;0;1;31
9699;3;0;1;29
9699;3;1;1;25
9699;3;0;1;18
9699;3;1;1;39
9699;3;1;1;12
9699;3;0;1;3
9699;3;0;1;38
9699;3;1;1;28
9699;3;1;1;32
9699;3;0;1;27
9743;3;1;1;25
9743;3;0;1;12
9743;3;0;1;28
9743;3;0;1;38
9743;3;0;1;14
9743;3;1;1;29
9743;3;1;1;18
9743;3;1;1;31
9743;3;0;1;27
9743;3;0;1;32
9743;3;1;1;10
9743;3;0;1;3
9743;3;1;1;39
9894;3;1;1;14
9894;3;1;1;10
9894;3;0;1;29
9894;3;0;1;28
9894;3;1;1;25
9894;3;0;1;32
9894;3;0;1;18
9894;3;0;1;38
9894;3;0;1;3
9894;3;0;1;39
9894;3;0;1;27
9894;3;0;1;12
9894;3;0;1;31
9927;3;0;1;29
9927;3;0;1;32
9927;3;1;1;12
9927;3;1;1;3
9927;3;0;1;38
9927;3;0;1;14
9927;3;0;1;31
9927;3;1;1;10
9927;3;0;1;27
9927;3;0;1;28
9927;3;1;1;39
9927;3;0;1;18
9927;3;0;1;25
1372;4;1;1;32
1372;4;1;1;39
1372;4;1;1;12
1372;4;1;1;25
1372;4;0;1;10
1372;4;1;1;18
1372;4;1;1;14
1372;4;1;1;38
1372;4;0;1;27
1372;4;0;1;29
1372;4;0;1;3
1372;4;0;1;31
1372;4;0;1;28
1454;4;0;1;29
1454;4;0;1;3
1454;4;1;1;27
1454;4;1;1;14
1454;4;1;1;39
1454;4;0;1;25
1454;4;0;1;28
1454;4;1;0;18
1454;4;1;1;12
1454;4;0;1;32
1454;4;0;1;38
1454;4;1;1;10
1454;4;1;1;31
1550;4;0;1;25
1550;4;0;1;10
1550;4;0;1;3
1550;4;0;1;28
1550;4;0;1;27
1550;4;1;1;31
1550;4;0;1;32
1550;4;0;1;38
1550;4;1;1;14
1550;4;1;1;12
1550;4;1;1;29
1550;4;0;1;39
1550;4;1;1;18
1670;4;0;1;27
1670;4;0;1;12
1670;4;0;1;39
1670;4;1;1;31
1670;4;0;1;29
1670;4;0;1;10
1670;4;1;1;28
1670;4;0;1;32
1670;4;0;1;18
1670;4;0;1;14
1670;4;0;0;3
1670;4;1;1;25
1670;4;0;0;38
2098;4;1;1;18
2098;4;0;1;3
2098;4;1;1;29
2098;4;0;1;38
2098;4;1;1;14
2098;4;1;1;32
2098;4;1;1;12
2098;4;1;1;25
2098;4;1;1;10
2098;4;0;1;31
2098;4;0;1;28
2098;4;0;1;39
2098;4;1;1;27
227;4;0;1;18
227;4;0;1;3
227;4;0;1;29
227;4;1;1;32
227;4;0;1;38
227;4;1;1;10
227;4;0;1;12
227;4;1;1;27
227;4;1;1;28
227;4;0;1;39
227;4;0;1;31
227;4;0;1;25
227;4;1;1;14
2434;4;1;1;3
2434;4;0;1;29
2434;4;0;1;25
2434;4;0;1;14
2434;4;0;1;39
2434;4;0;1;18
2434;4;1;1;27
2434;4;1;1;32
2434;4;0;1;38
2434;4;1;1;12
2434;4;0;1;28
2434;4;1;1;10
2434;4;0;1;31
2604;4;1;0;18
2604;4;1;1;31
2604;4;1;1;14
2604;4;0;1;12
2604;4;0;1;3
2604;4;0;1;38
2604;4;0;1;10
2604;4;0;1;27
2604;4;0;1;29
2604;4;1;1;32
2604;4;1;1;28
2604;4;1;1;39
2604;4;0;1;25
2763;4;0;1;14
2763;4;1;1;31
2763;4;0;1;32
2763;4;0;1;39
2763;4;1;1;27
2763;4;0;1;3
2763;4;1;1;29
2763;4;1;1;18
2763;4;1;1;38
2763;4;1;1;12
2763;4;1;1;10
2763;4;1;1;28
2763;4;1;1;25
2782;4;0;1;25
2782;4;1;1;39
2782;4;1;1;18
2782;4;1;1;28
2782;4;0;0;3
2782;4;0;1;10
2782;4;1;1;38
2782;4;0;1;31
2782;4;1;1;27
2782;4;0;1;29
2782;4;1;1;12
2782;4;0;1;14
2782;4;0;1;32
3109;4;0;1;12
3109;4;1;1;32
3109;4;0;1;28
3109;4;1;1;29
3109;4;1;1;10
3109;4;1;1;38
3109;4;1;1;18
3109;4;1;1;27
3109;4;0;1;39
3109;4;1;1;14
3109;4;1;1;31
3109;4;0;1;25
3109;4;0;1;3
4088;4;0;1;3
4088;4;1;1;29
4088;4;0;1;32
4088;4;0;1;38
4088;4;1;1;39
4088;4;1;1;18
4088;4;0;1;14
4088;4;0;1;25
4088;4;0;1;31
4088;4;1;1;10
4088;4;1;1;12
4088;4;0;1;28
4088;4;0;1;27
4634;4;0;1;29
4634;4;0;1;32
4634;4;1;1;38
4634;4;1;1;14
4634;4;0;1;25
4634;4;0;1;39
4634;4;0;1;12
4634;4;1;1;18
4634;4;1;0;27
4634;4;1;1;10
4634;4;1;1;31
4634;4;0;1;3
4634;4;1;1;28
4688;4;1;1;14
4688;4;1;1;27
4688;4;1;1;28
4688;4;0;1;25
4688;4;0;1;18
4688;4;0;1;38
4688;4;0;1;39
4688;4;1;1;10
4688;4;1;1;3
4688;4;1;1;29
4688;4;0;1;31
4688;4;1;1;12
4688;4;1;1;32
5194;4;1;1;29
5194;4;0;1;18
5194;4;0;1;32
5194;4;1;1;31
5194;4;1;1;3
5194;4;1;1;12
5194;4;1;0;14
5194;4;1;1;28
5194;4;1;1;27
5194;4;0;1;25
5194;4;1;1;39
5194;4;0;1;38
5194;4;1;1;10
6085;4;1;1;29
6085;4;0;1;25
6085;4;0;1;10
6085;4;0;1;28
6085;4;0;1;18
6085;4;0;1;31
6085;4;1;1;32
6085;4;0;1;12
6085;4;0;1;14
6085;4;0;1;39
6085;4;1;1;3
6085;4;1;1;27
6085;4;1;1;38
6156;4;0;1;31
6156;4;1;1;10
6156;4;1;1;28
6156;4;1;1;29
6156;4;1;1;12
6156;4;0;1;38
6156;4;0;1;18
6156;4;0;1;14
6156;4;0;1;32
6156;4;0;1;39
6156;4;0;1;25
6156;4;1;1;3
6156;4;1;1;27
6251;4;0;1;29
6251;4;0;1;28
6251;4;0;1;38
6251;4;1;1;10
6251;4;1;1;32
6251;4;1;1;18
6251;4;1;1;12
6251;4;1;1;31
6251;4;0;1;3
6251;4;0;1;14
6251;4;1;1;25
6251;4;0;1;27
6251;4;1;1;39
6325;4;1;1;39
6325;4;0;1;31
6325;4;1;1;10
6325;4;1;1;3
6325;4;0;0;25
6325;4;1;1;28
6325;4;1;1;14
6325;4;0;1;18
6325;4;1;1;27
6325;4;0;1;32
6325;4;1;1;29
6325;4;0;1;12
6325;4;0;0;38
6694;4;1;1;10
6694;4;0;1;28
6694;4;1;1;32
6694;4;0;1;38
6694;4;1;1;25
6694;4;1;1;29
6694;4;1;1;31
6694;4;1;1;14
6694;4;0;1;39
6694;4;0;1;3
6694;4;1;1;27
6694;4;0;1;12
6694;4;1;1;18
7065;4;1;1;3
7065;4;0;1;14
7065;4;1;1;27
7065;4;0;1;28
7065;4;0;1;12
7065;4;0;1;39
7065;4;0;1;25
7065;4;1;1;38
7065;4;0;1;32
7065;4;0;1;10
7065;4;0;1;29
7065;4;0;0;31
7065;4;1;1;18
737;4;0;1;39
737;4;1;1;28
737;4;0;1;18
737;4;1;1;10
737;4;1;1;29
737;4;0;1;27
737;4;1;1;31
737;4;0;1;32
737;4;0;1;14
737;4;1;1;25
737;4;0;1;38
737;4;1;1;12
737;4;1;1;3
7569;4;0;1;32
7569;4;1;1;3
7569;4;0;1;25
7569;4;1;1;38
7569;4;0;1;27
7569;4;1;1;18
7569;4;1;1;12
7569;4;1;1;14
7569;4;0;1;31
7569;4;1;1;39
7569;4;0;1;10
7569;4;0;1;29
7569;4;0;1;28
7620;4;0;1;12
7620;4;1;1;38
7620;4;0;1;39
7620;4;0;1;29
7620;4;1;1;28
7620;4;1;0;32
7620;4;1;1;27
7620;4;1;1;14
7620;4;1;1;10
7620;4;1;1;31
7620;4;0;1;18
7620;4;1;1;25
7620;4;1;1;3
8276;4;0;1;31
8276;4;0;0;28
8276;4;1;1;39
8276;4;0;1;25
8276;4;0;1;29
8276;4;1;1;32
8276;4;0;1;38
8276;4;1;1;12
8276;4;1;1;27
8276;4;0;1;3
8276;4;0;1;14
8276;4;0;1;18
8276;4;1;1;10
8407;4;0;1;39
8407;4;0;1;31
8407;4;0;1;29
8407;4;1;1;28
8407;4;0;1;32
8407;4;1;0;10
8407;4;1;1;14
8407;4;0;1;25
8407;4;1;1;38
8407;4;0;1;27
8407;4;1;1;12
8407;4;0;1;3
8407;4;0;1;18
8433;4;1;1;31
8433;4;0;1;12
8433;4;1;1;25
8433;4;1;1;14
8433;4;1;1;10
8433;4;0;1;27
8433;4;1;1;32
8433;4;0;0;28
8433;4;0;1;39
8433;4;1;1;3
8433;4;0;1;29
8433;4;1;1;18
8433;4;0;1;38
8526;4;0;1;39
8526;4;1;1;32
8526;4;1;1;28
8526;4;0;1;31
8526;4;1;1;14
8526;4;0;1;27
8526;4;1;1;12
8526;4;0;1;3
8526;4;0;1;38
8526;4;0;1;29
8526;4;1;1;18
8526;4;1;1;25
8526;4;0;1;10
8740;4;0;1;27
8740;4;0;1;38
8740;4;0;1;12
8740;4;0;1;39
8740;4;1;1;25
8740;4;0;1;14
8740;4;1;1;3
8740;4;1;1;32
8740;4;1;1;28
8740;4;0;1;18
8740;4;1;1;29
8740;4;1;1;10
8740;4;1;1;31
9269;4;0;1;29
9269;4;0;1;39
9269;4;1;1;38
9269;4;1;1;31
9269;4;1;1;32
9269;4;1;1;14
9269;4;0;1;25
9269;4;1;1;12
9269;4;0;1;27
9269;4;1;1;10
9269;4;1;1;3
9269;4;0;1;18
9269;4;1;1;28
930;4;1;1;27
930;4;0;1;18
930;4;0;0;12
930;4;0;1;38
930;4;0;1;39
930;4;0;1;3
930;4;0;1;25
930;4;0;1;14
930;4;0;1;31
930;4;0;1;32
930;4;1;0;10
930;4;0;0;28
930;4;0;1;29
9795;4;1;1;31
9795;4;1;1;12
9795;4;1;1;14
9795;4;0;1;25
9795;4;0;1;29
9795;4;1;1;10
9795;4;0;0;18
9795;4;0;1;32
9795;4;1;1;38
9795;4;0;1;39
9795;4;1;1;3
9795;4;0;1;27
9795;4;0;1;28
1165;4;0;1;32
1165;4;1;1;39
1165;4;0;1;38
1165;4;1;1;12
1165;4;0;1;25
1165;4;1;1;28
1165;4;1;1;10
1165;4;0;1;27
1165;4;1;1;31
1165;4;1;1;14
1165;4;0;1;18
1165;4;0;1;29
1165;4;0;1;3
1347;4;0;1;38
1347;4;1;1;29
1347;4;1;1;32
1347;4;1;0;25
1347;4;0;1;3
1347;4;0;1;14
1347;4;1;1;10
1347;4;0;1;18
1347;4;1;1;39
1347;4;1;1;27
1347;4;0;1;28
1347;4;1;1;12
1347;4;0;1;31
1984;4;0;1;12
1984;4;1;1;18
1984;4;0;0;38
1984;4;0;1;29
1984;4;0;1;25
1984;4;0;1;3
1984;4;1;1;28
1984;4;1;1;39
1984;4;1;1;10
1984;4;1;1;32
1984;4;0;1;31
1984;4;1;1;14
1984;4;0;1;27
2086;4;0;1;3
2086;4;1;1;14
2086;4;0;1;27
2086;4;0;1;12
2086;4;1;1;25
2086;4;1;1;38
2086;4;0;1;39
2086;4;1;1;29
2086;4;1;0;10
2086;4;0;1;31
2086;4;1;1;18
2086;4;1;1;28
2086;4;0;1;32
2225;4;1;1;10
2225;4;0;1;29
2225;4;0;1;38
2225;4;1;1;39
2225;4;1;1;18
2225;4;1;1;28
2225;4;0;1;27
2225;4;0;1;31
2225;4;1;1;25
2225;4;1;1;3
2225;4;0;1;14
2225;4;0;1;12
2225;4;0;1;32
441;4;1;1;32
441;4;0;1;27
441;4;1;1;38
441;4;1;1;28
441;4;1;1;39
441;4;0;1;31
441;4;1;1;10
441;4;1;1;18
441;4;1;1;29
441;4;0;1;14
441;4;1;1;12
441;4;1;1;25
441;4;1;1;3
4632;4;1;1;28
4632;4;0;1;32
4632;4;0;1;3
4632;4;0;1;27
4632;4;1;1;10
4632;4;1;1;39
4632;4;0;1;25
4632;4;1;1;18
4632;4;1;1;29
4632;4;0;1;14
4632;4;0;1;12
4632;4;0;1;31
4632;4;1;1;38
471;4;1;1;32
471;4;1;1;25
471;4;0;1;28
471;4;1;1;29
471;4;0;1;27
471;4;1;1;18
471;4;1;1;3
471;4;1;1;12
471;4;0;1;14
471;4;1;1;31
471;4;1;1;39
471;4;0;1;10
471;4;1;1;38
4848;4;1;1;10
4848;4;0;1;25
4848;4;0;1;29
4848;4;1;1;18
4848;4;1;1;32
4848;4;1;1;31
4848;4;0;1;28
4848;4;1;1;38
4848;4;1;1;12
4848;4;0;1;3
4848;4;1;1;14
4848;4;1;1;39
4848;4;0;1;27
5156;4;0;1;25
5156;4;0;1;27
5156;4;0;1;3
5156;4;0;1;39
5156;4;0;1;14
5156;4;0;1;29
5156;4;1;0;10
5156;4;0;1;28
5156;4;0;1;12
5156;4;1;1;32
5156;4;0;1;31
5156;4;0;1;38
5156;4;1;1;18
520;4;0;1;25
520;4;0;1;38
520;4;0;1;12
520;4;1;1;10
520;4;1;1;31
520;4;1;0;39
520;4;1;1;28
520;4;1;1;18
520;4;0;1;27
520;4;0;1;29
520;4;0;1;14
520;4;1;1;32
520;4;1;1;3
5872;4;0;1;18
5872;4;1;1;31
5872;4;0;1;3
5872;4;1;1;14
5872;4;1;1;32
5872;4;0;1;39
5872;4;1;1;27
5872;4;1;1;12
5872;4;0;1;38
5872;4;1;1;25
5872;4;1;1;29
5872;4;0;1;28
5872;4;1;1;10
6322;4;0;1;39
6322;4;1;1;25
6322;4;0;1;3
6322;4;1;1;32
6322;4;1;1;18
6322;4;1;1;31
6322;4;0;1;14
6322;4;1;1;27
6322;4;1;1;29
6322;4;1;0;28
6322;4;1;1;12
6322;4;1;1;38
6322;4;0;1;10
6899;4;1;1;32
6899;4;0;1;12
6899;4;1;1;25
6899;4;0;1;14
6899;4;0;1;27
6899;4;0;1;3
6899;4;0;1;39
6899;4;1;1;28
6899;4;1;1;29
6899;4;0;1;18
6899;4;1;1;38
6899;4;1;1;10
6899;4;1;1;31
7505;4;1;1;31
7505;4;1;1;27
7505;4;0;1;12
7505;4;0;1;10
7505;4;0;1;3
7505;4;0;1;14
7505;4;1;1;25
7505;4;0;1;32
7505;4;0;1;18
7505;4;1;1;28
7505;4;1;1;29
7505;4;0;1;38
7505;4;0;1;39
7521;4;0;1;28
7521;4;1;1;39
7521;4;1;1;3
7521;4;1;1;25
7521;4;0;1;14
7521;4;0;1;31
7521;4;0;1;27
7521;4;1;1;38
7521;4;1;1;32
7521;4;0;1;18
7521;4;1;0;10
7521;4;0;1;29
7521;4;0;1;12
7650;4;0;1;29
7650;4;1;1;38
7650;4;0;1;32
7650;4;0;1;14
7650;4;1;1;27
7650;4;0;1;25
7650;4;1;1;39
7650;4;1;1;10
7650;4;0;1;31
7650;4;0;1;12
7650;4;0;1;28
7650;4;0;1;3
7650;4;1;1;18
815;4;0;1;38
815;4;1;1;27
815;4;1;1;29
815;4;1;1;39
815;4;0;1;25
815;4;1;1;31
815;4;0;1;18
815;4;1;1;10
815;4;1;1;32
815;4;1;1;28
815;4;1;1;14
815;4;0;1;3
815;4;0;1;12
8219;4;0;1;10
8219;4;1;1;38
8219;4;0;1;14
8219;4;1;1;29
8219;4;0;1;39
8219;4;1;1;3
8219;4;1;1;12
8219;4;1;1;18
8219;4;0;0;28
8219;4;0;1;25
8219;4;0;0;27
8219;4;0;1;32
8219;4;0;1;31
8426;4;0;1;39
8426;4;1;1;31
8426;4;0;1;3
8426;4;1;1;18
8426;4;1;1;25
8426;4;1;1;27
8426;4;1;1;12
8426;4;1;1;14
8426;4;0;1;10
8426;4;0;1;29
8426;4;1;1;38
8426;4;1;1;28
8426;4;1;1;32
8696;4;0;1;10
8696;4;1;1;38
8696;4;1;1;29
8696;4;1;1;31
8696;4;0;1;27
8696;4;0;0;39
8696;4;0;1;18
8696;4;1;1;3
8696;4;0;0;12
8696;4;1;1;28
8696;4;0;1;14
8696;4;1;1;32
8696;4;1;1;25
